project_name,Hit@10,MRR@10,MAP@10
 bug-2, 1.0, 0.1, 0.1
 bug-8, 0.0, 0.0, 0.0
 bug-10, 0.0, 0.0, 0.0
 bug-18, 1.0, 0.125, 0.125
 bug-53, 1.0, 0.16666666666666666, 0.16666666666666666
 bug-128, 1.0, 0.14285714285714285, 0.14285714285714285
 bug-209, 1.0, 0.5, 0.5
 bug-1073, 1.0, 0.2, 0.2
 bug-1096, 0.0, 0.0, 0.0
 bug-1147, 1.0, 1.0, 1.0
Mean,0.7,0.2234523809523809,0.2234523809523809
