project_name,Hit@9,MRR@9,MAP@9
 bug-2, 0.0, 0.0, 0.0
 bug-8, 0.0, 0.0, 0.0
 bug-10, 0.0, 0.0, 0.0
 bug-18, 1.0, 0.125, 0.125
 bug-53, 1.0, 0.16666666666666666, 0.16666666666666666
 bug-128, 1.0, 0.14285714285714285, 0.14285714285714285
 bug-209, 1.0, 0.5, 0.5
 bug-1073, 1.0, 0.2, 0.2
 bug-1096, 0.0, 0.0, 0.0
 bug-1147, 1.0, 1.0, 1.0
Mean,0.6,0.21345238095238095,0.21345238095238095
