project_name,Hit@6,MRR@6,MAP@6
 bug-2, 0.0, 0.0, 0.0
 bug-8, 0.0, 0.0, 0.0
 bug-10, 0.0, 0.0, 0.0
 bug-18, 0.0, 0.0, 0.0
 bug-53, 1.0, 0.16666666666666666, 0.16666666666666666
 bug-128, 0.0, 0.0, 0.0
 bug-209, 1.0, 0.5, 0.5
 bug-1073, 1.0, 0.2, 0.2
 bug-1096, 0.0, 0.0, 0.0
 bug-1147, 1.0, 1.0, 1.0
Mean,0.4,0.18666666666666668,0.18666666666666668
