project_name,Hit@5,MRR@5,MAP@5
 bug-2, 0.0, 0.0, 0.0
 bug-8, 0.0, 0.0, 0.0
 bug-10, 0.0, 0.0, 0.0
 bug-18, 0.0, 0.0, 0.0
 bug-53, 0.0, 0.0, 0.0
 bug-128, 0.0, 0.0, 0.0
 bug-209, 1.0, 0.5, 0.5
 bug-1073, 1.0, 0.2, 0.2
 bug-1096, 0.0, 0.0, 0.0
 bug-1147, 1.0, 1.0, 1.0
Mean,0.3,0.16999999999999998,0.16999999999999998
